Year,Month,Production,Date
1920,January,34008,1920-01-01
1920,February,33193,1920-02-01
1920,March,36171,1920-03-01
1920,April,34945,1920-04-01
1920,May,36622,1920-05-01
1920,June,36663,1920-06-01
1920,July,37746,1920-07-01
1920,August,38906,1920-08-01
1920,September,37521,1920-09-01
1920,October,39584,1920-10-01
1920,November,38609,1920-11-01
1920,December,38961,1920-12-01
1921,January,38138,1921-01-01
1921,February,35524,1921-02-01
1921,March,41105,1921-03-01
1921,April,40233,1921-04-01
1921,May,42189,1921-05-01
1921,June,40548,1921-06-01
1921,July,40461,1921-07-01
1921,August,41109,1921-08-01
1921,September,36763,1921-09-01
1921,October,35832,1921-10-01
1921,November,38108,1921-11-01
1921,December,42173,1921-12-01
1922,January,43696,1922-01-01
1922,February,41314,1922-02-01
1922,March,47188,1922-03-01
1922,April,45167,1922-04-01
1922,May,47002,1922-05-01
1922,June,46087,1922-06-01
1922,July,47134,1922-07-01
1922,August,47059,1922-08-01
1922,September,45805,1922-09-01
1922,October,48410,1922-10-01
1922,November,48027,1922-11-01
1922,December,50642,1922-12-01
1923,January,52527,1923-01-01
1923,February,48588,1923-02-01
1923,March,56969,1923-03-01
1923,April,59008,1923-04-01
1923,May,62377,1923-05-01
1923,June,62845,1923-06-01
1923,July,65925,1923-07-01
1923,August,66422,1923-08-01
1923,September,65306,1923-09-01
1923,October,67506,1923-10-01
1923,November,65388,1923-11-01
1923,December,59546,1923-12-01
1924,January,57273,1924-01-01
1924,February,55889,1924-02-01
1924,March,60141,1924-03-01
1924,April,59830,1924-04-01
1924,May,61834,1924-05-01
1924,June,59583,1924-06-01
1924,July,61932,1924-07-01
1924,August,62398,1924-08-01
1924,September,60376,1924-09-01
1924,October,60469,1924-10-01
1924,November,56782,1924-11-01
1924,December,57433,1924-12-01
1925,January,53802,1925-01-01
1925,February,48571,1925-02-01
1925,March,53597,1925-03-01
1925,April,51914,1925-04-01
1925,May,53367,1925-05-01
1925,June,51915,1925-06-01
1925,July,52138,1925-07-01
1925,August,52198,1925-08-01
1925,September,51559,1925-09-01
1925,October,51769,1925-10-01
1925,November,49921,1925-11-01
1925,December,49622,1925-12-01
1926,January,59981,1926-01-01
1926,February,54892,1926-02-01
1926,March,60880,1926-03-01
1926,April,60371,1926-04-01
1926,May,62822,1926-05-01
1926,June,61789,1926-06-01
1926,July,65168,1926-07-01
1926,August,67009,1926-08-01
1926,September,65782,1926-09-01
1926,October,69664,1926-10-01
1926,November,69891,1926-11-01
1926,December,72625,1926-12-01
1927,January,71758,1927-01-01
1927,February,68122,1927-02-01
1927,March,75514,1927-03-01
1927,April,73132,1927-04-01
1927,May,76845,1927-05-01
1927,June,75303,1927-06-01
1927,July,78780,1927-07-01
1927,August,78788,1927-08-01
1927,September,75909,1927-09-01
1927,October,77534,1927-10-01
1927,November,74493,1927-11-01
1927,December,74951,1927-12-01
1928,January,72793,1928-01-01
1928,February,68565,1928-02-01
1928,March,74528,1928-03-01
1928,April,72393,1928-04-01
1928,May,75277,1928-05-01
1928,June,72676,1928-06-01
1928,July,75584,1928-07-01
1928,August,77807,1928-08-01
1928,September,76484,1928-09-01
1928,October,79751,1928-10-01
1928,November,76123,1928-11-01
1928,December,79493,1928-12-01
1929,January,82054,1929-01-01
1929,February,75456,1929-02-01
1929,March,82463,1929-03-01
1929,April,80412,1929-04-01
1929,May,84499,1929-05-01
1929,June,83407,1929-06-01
1929,July,91309,1929-07-01
1929,August,92165,1929-08-01
1929,September,87453,1929-09-01
1929,October,88430,1929-10-01
1929,November,78758,1929-11-01
1929,December,80917,1929-12-01
1930,January,79633,1930-01-01
1930,February,74290,1930-02-01
1930,March,78226,1930-03-01
1930,April,77483,1930-04-01
1930,May,80528,1930-05-01
1930,June,77060,1930-06-01
1930,July,76922,1930-07-01
1930,August,74831,1930-08-01
1930,September,71216,1930-09-01
1930,October,72893,1930-10-01
1930,November,67957,1930-11-01
1930,December,66972,1930-12-01
1931,January,65737,1931-01-01
1931,February,60540,1931-02-01
1931,March,69429,1931-03-01
1931,April,72860,1931-04-01
1931,May,76822,1931-05-01
1931,June,75011,1931-06-01
1931,July,78210,1931-07-01
1931,August,68014,1931-08-01
1931,September,64378,1931-09-01
1931,October,73297,1931-10-01
1931,November,73456,1931-11-01
1931,December,73327,1931-12-01
1932,January,67014,1932-01-01
1932,February,62512,1932-02-01
1932,March,67456,1932-03-01
1932,April,67915,1932-04-01
1932,May,68854,1932-05-01
1932,June,65144,1932-06-01
1932,July,66655,1932-07-01
1932,August,66568,1932-08-01
1932,September,65518,1932-09-01
1932,October,65598,1932-10-01
1932,November,63630,1932-11-01
1932,December,58295,1932-12-01
1933,January,65159,1933-01-01
1933,February,61252,1933-02-01
1933,March,75185,1933-03-01
1933,April,65709,1933-04-01
1933,May,86638,1933-05-01
1933,June,84386,1933-06-01
1933,July,85321,1933-07-01
1933,August,85485,1933-08-01
1933,September,78321,1933-09-01
1933,October,76077,1933-10-01
1933,November,69966,1933-11-01
1933,December,72157,1933-12-01
1934,January,72017,1934-01-01
1934,February,65383,1934-02-01
1934,March,75426,1934-03-01
1934,April,75645,1934-04-01
1934,May,79966,1934-05-01
1934,June,79636,1934-06-01
1934,July,81339,1934-07-01
1934,August,79105,1934-08-01
1934,September,75759,1934-09-01
1934,October,76593,1934-10-01
1934,November,72399,1934-11-01
1934,December,74797,1934-12-01
1935,January,78715,1935-01-01
1935,February,72763,1935-02-01
1935,March,81488,1935-03-01
1935,April,78427,1935-04-01
1935,May,82454,1935-05-01
1935,June,82338,1935-06-01
1935,July,85485,1935-07-01
1935,August,84816,1935-08-01
1935,September,84109,1935-09-01
1935,October,88160,1935-10-01
1935,November,86476,1935-11-01
1935,December,88711,1935-12-01
1936,January,88820,1936-01-01
1936,February,82120,1936-02-01
1936,March,90568,1936-03-01
1936,April,90479,1936-04-01
1936,May,93739,1936-05-01
1936,June,90185,1936-06-01
1936,July,92075,1936-07-01
1936,August,95090,1936-08-01
1936,September,90972,1936-09-01
1936,October,95795,1936-10-01
1936,November,91018,1936-11-01
1936,December,97652,1936-12-01
1937,January,98567,1937-01-01
1937,February,93173,1937-02-01
1937,March,106724,1937-03-01
1937,April,104979,1937-04-01
1937,May,110911,1937-05-01
1937,June,105812,1937-06-01
1937,July,110721,1937-07-01
1937,August,115090,1937-08-01
1937,September,109980,1937-09-01
1937,October,110911,1937-10-01
1937,November,104206,1937-11-01
1937,December,106579,1937-12-01
1938,January,106007,1938-01-01
1938,February,94662,1938-02-01
1938,March,106524,1938-03-01
1938,April,102702,1938-04-01
1938,May,98674,1938-05-01
1938,June,94277,1938-06-01
1938,July,102898,1938-07-01
1938,August,106165,1938-08-01
1938,September,98661,1938-09-01
1938,October,101830,1938-10-01
1938,November,98567,1938-11-01
1938,December,102287,1938-12-01
1939,January,102490,1939-01-01
1939,February,93475,1939-02-01
1939,March,106768,1939-03-01
1939,April,105510,1939-04-01
1939,May,110541,1939-05-01
1939,June,104607,1939-06-01
1939,July,110937,1939-07-01
1939,August,80865,1939-08-01
1939,September,108168,1939-09-01
1939,October,114198,1939-10-01
1939,November,111887,1939-11-01
1939,December,114810,1939-12-01
1940,January,117227,1940-01-01
1940,February,108399,1940-02-01
1940,March,121560,1940-03-01
1940,April,119000,1940-04-01
1940,May,123854,1940-05-01
1940,June,119302,1940-06-01
1940,July,127493,1940-07-01
1940,August,130633,1940-08-01
1940,September,130407,1940-09-01
1940,October,136503,1940-10-01
1940,November,133646,1940-11-01
1940,December,135152,1940-12-01
1941,January,110647,1941-01-01
1941,February,100791,1941-02-01
1941,March,112817,1941-03-01
1941,April,111080,1941-04-01
1941,May,116976,1941-05-01
1941,June,115027,1941-06-01
1941,July,118251,1941-07-01
1941,August,121354,1941-08-01
1941,September,119446,1941-09-01
1941,October,126145,1941-10-01
1941,November,123355,1941-11-01
1941,December,128293,1941-12-01
1942,January,128262,1942-01-01
1942,February,113961,1942-02-01
1942,March,114473,1942-03-01
1942,April,105053,1942-04-01
1942,May,110192,1942-05-01
1942,June,108595,1942-06-01
1942,July,111782,1942-07-01
1942,August,120429,1942-08-01
1942,September,115801,1942-09-01
1942,October,120311,1942-10-01
1942,November,116101,1942-11-01
1942,December,120519,1942-12-01
1943,January,117372,1943-01-01
1943,February,108487,1943-02-01
1943,March,121648,1943-03-01
1943,April,119100,1943-04-01
1943,May,123957,1943-05-01
1943,June,120111,1943-06-01
1943,July,127629,1943-07-01
1943,August,130796,1943-08-01
1943,September,130564,1943-09-01
1943,October,136837,1943-10-01
1943,November,133824,1943-11-01
1943,December,135288,1943-12-01
1944,January,135682,1944-01-01
1944,February,128842,1944-02-01
1944,March,136814,1944-03-01
1944,April,133588,1944-04-01
1944,May,141189,1944-05-01
1944,June,137263,1944-06-01
1944,July,141438,1944-07-01
1944,August,145407,1944-08-01
1944,September,142985,1944-09-01
1944,October,146911,1944-10-01
1944,November,142463,1944-11-01
1944,December,145322,1944-12-01
1945,January,147446,1945-01-01
1945,February,133463,1945-02-01
1945,March,148935,1945-03-01
1945,April,144219,1945-04-01
1945,May,151180,1945-05-01
1945,June,145783,1945-06-01
1945,July,151803,1945-07-01
1945,August,151198,1945-08-01
1945,September,132690,1945-09-01
1945,October,132800,1945-10-01
1945,November,135511,1945-11-01
1945,December,138627,1945-12-01
1946,January,143368,1946-01-01
1946,February,132129,1946-02-01
1946,March,136835,1946-03-01
1946,April,140196,1946-04-01
1946,May,148334,1946-05-01
1946,June,146890,1946-06-01
1946,July,152586,1946-07-01
1946,August,149910,1946-08-01
1946,September,143708,1946-09-01
1946,October,148323,1946-10-01
1946,November,144674,1946-11-01
1946,December,146471,1946-12-01
1947,January,144823,1947-01-01
1947,February,134696,1947-02-01
1947,March,152178,1947-03-01
1947,April,149410,1947-04-01
1947,May,156055,1947-05-01
1947,June,153058,1947-06-01
1947,July,159366,1947-07-01
1947,August,160448,1947-08-01
1947,September,157665,1947-09-01
1947,October,165032,1947-10-01
1947,November,158701,1947-11-01
1947,December,165555,1947-12-01
1948,January,164098,1948-01-01
1948,February,155577,1948-02-01
1948,March,167868,1948-03-01
1948,April,164726,1948-04-01
1948,May,170705,1948-05-01
1948,June,166448,1948-06-01
1948,July,171369,1948-07-01
1948,August,173015,1948-08-01
1948,September,163244,1948-09-01
1948,October,174972,1948-10-01
1948,November,170777,1948-11-01
1948,December,177386,1948-12-01
1949,January,167016,1949-01-01
1949,February,150682,1949-02-01
1949,March,162399,1949-03-01
1949,April,150343,1949-04-01
1949,May,154250,1949-05-01
1949,June,147283,1949-06-01
1949,July,145530,1949-07-01
1949,August,148356,1949-08-01
1949,September,148286,1949-09-01
1949,October,155469,1949-10-01
1949,November,156496,1949-11-01
1949,December,155830,1949-12-01
1950,January,152935,1950-01-01
1950,February,139127,1950-02-01
1950,March,151301,1950-03-01
1950,April,149147,1950-04-01
1950,May,159558,1950-05-01
1950,June,161305,1950-06-01
1950,July,170058,1950-07-01
1950,August,176192,1950-08-01
1950,September,176698,1950-09-01
1950,October,183011,1950-10-01
1950,November,176782,1950-11-01
1950,December,177460,1950-12-01
1951,January,183437,1951-01-01
1951,February,166163,1951-02-01
1951,March,187774,1951-03-01
1951,April,183860,1951-04-01
1951,May,191601,1951-05-01
1951,June,184064,1951-06-01
1951,July,190626,1951-07-01
1951,August,193537,1951-08-01
1951,September,188016,1951-09-01
1951,October,198163,1951-10-01
1951,November,188499,1951-11-01
1951,December,191971,1951-12-01
1952,January,192848,1952-01-01
1952,February,184818,1952-02-01
1952,March,197121,1952-03-01
1952,April,192936,1952-04-01
1952,May,157748,1952-05-01
1952,June,185692,1952-06-01
1952,July,188985,1952-07-01
1952,August,192768,1952-08-01
1952,September,195603,1952-09-01
1952,October,201581,1952-10-01
1952,November,193832,1952-11-01
1952,December,205904,1952-12-01
1953,January,203211,1953-01-01
1953,February,183183,1953-02-01
1953,March,202024,1953-03-01
1953,April,191953,1953-04-01
1953,May,198117,1953-05-01
1953,June,197630,1953-06-01
1953,July,204711,1953-07-01
1953,August,204490,1953-08-01
1953,September,196571,1953-09-01
1953,October,193726,1953-10-01
1953,November,188116,1953-11-01
1953,December,193350,1953-12-01
1954,January,193437,1954-01-01
1954,February,178644,1954-02-01
1954,March,201763,1954-03-01
1954,April,198502,1954-04-01
1954,May,200627,1954-05-01
1954,June,194974,1954-06-01
1954,July,194098,1954-07-01
1954,August,190388,1954-08-01
1954,September,184325,1954-09-01
1954,October,189724,1954-10-01
1954,November,190372,1954-11-01
1954,December,198134,1954-12-01
1955,January,209601,1955-01-01
1955,February,191342,1955-02-01
1955,March,213453,1955-03-01
1955,April,206668,1955-04-01
1955,May,207067,1955-05-01
1955,June,197844,1955-06-01
1955,July,205614,1955-07-01
1955,August,206619,1955-08-01
1955,September,202037,1955-09-01
1955,October,211866,1955-10-01
1955,November,210454,1955-11-01
1955,December,221863,1955-12-01
1956,January,223125,1956-01-01
1956,February,209078,1956-02-01
1956,March,225645,1956-03-01
1956,April,214412,1956-04-01
1956,May,218942,1956-05-01
1956,June,213010,1956-06-01
1956,July,219770,1956-07-01
1956,August,223035,1956-08-01
1956,September,211585,1956-09-01
1956,October,215570,1956-10-01
1956,November,214438,1956-11-01
1956,December,228673,1956-12-01
1957,January,231631,1957-01-01
1957,February,214967,1957-02-01
1957,March,238490,1957-03-01
1957,April,226392,1957-04-01
1957,May,230466,1957-05-01
1957,June,213302,1957-06-01
1957,July,212781,1957-07-01
1957,August,210150,1957-08-01
1957,September,206777,1957-09-01
1957,October,212055,1957-10-01
1957,November,205249,1957-11-01
1957,December,214641,1957-12-01
1958,January,213280,1958-01-01
1958,February,190947,1958-02-01
1958,March,194580,1958-03-01
1958,April,189014,1958-04-01
1958,May,193205,1958-05-01
1958,June,190172,1958-06-01
1958,July,203701,1958-07-01
1958,August,215030,1958-08-01
1958,September,212642,1958-09-01
1958,October,215887,1958-10-01
1958,November,209252,1958-11-01
1958,December,221277,1958-12-01
1959,January,223926,1959-01-01
1959,February,201435,1959-02-01
1959,March,222839,1959-03-01
1959,April,217685,1959-04-01
1959,May,223806,1959-05-01
1959,June,212489,1959-06-01
1959,July,210311,1959-07-01
1959,August,209733,1959-08-01
1959,September,205700,1959-09-01
1959,October,214248,1959-10-01
1959,November,209449,1959-11-01
1959,December,222969,1959-12-01
1960,January,224140,1960-01-01
1960,February,209986,1960-02-01
1960,March,220977,1960-03-01
1960,April,211132,1960-04-01
1960,May,212296,1960-05-01
1960,June,208161,1960-06-01
1960,July,212645,1960-07-01
1960,August,215145,1960-08-01
1960,September,209119,1960-09-01
1960,October,215687,1960-10-01
1960,November,213992,1960-11-01
1960,December,221653,1960-12-01
1961,January,223497,1961-01-01
1961,February,204274,1961-02-01
1961,March,231596,1961-03-01
1961,April,219846,1961-04-01
1961,May,221553,1961-05-01
1961,June,213084,1961-06-01
1961,July,215699,1961-07-01
1961,August,220218,1961-08-01
1961,September,209848,1961-09-01
1961,October,220942,1961-10-01
1961,November,214566,1961-11-01
1961,December,226635,1961-12-01
1962,January,227756,1962-01-01
1962,February,209072,1962-02-01
1962,March,228661,1962-03-01
1962,April,221737,1962-04-01
1962,May,222969,1962-05-01
1962,June,217712,1962-06-01
1962,July,224018,1962-07-01
1962,August,224240,1962-08-01
1962,September,219589,1962-09-01
1962,October,228380,1962-10-01
1962,November,223231,1962-11-01
1962,December,228824,1962-12-01
1963,January,226420,1963-01-01
1963,February,212437,1963-02-01
1963,March,234289,1963-03-01
1963,April,228270,1963-04-01
1963,May,234499,1963-05-01
1963,June,226853,1963-06-01
1963,July,235144,1963-07-01
1963,August,236830,1963-08-01
1963,September,225207,1963-09-01
1963,October,233610,1963-10-01
1963,November,226321,1963-11-01
1963,December,232843,1963-12-01
1964,January,236337,1964-01-01
1964,February,222947,1964-02-01
1964,March,239068,1964-03-01
1964,April,232185,1964-04-01
1964,May,234742,1964-05-01
1964,June,226808,1964-06-01
1964,July,231648,1964-07-01
1964,August,230926,1964-08-01
1964,September,225965,1964-09-01
1964,October,236304,1964-10-01
1964,November,229029,1964-11-01
1964,December,240863,1964-12-01
1965,January,240946,1965-01-01
1965,February,218612,1965-02-01
1965,March,243763,1965-03-01
1965,April,236844,1965-04-01
1965,May,238253,1965-05-01
1965,June,232440,1965-06-01
1965,July,237606,1965-07-01
1965,August,240180,1965-08-01
1965,September,222529,1965-09-01
1965,October,244122,1965-10-01
1965,November,239635,1965-11-01
1965,December,253584,1965-12-01
1966,January,249459,1966-01-01
1966,February,230733,1966-02-01
1966,March,257107,1966-03-01
1966,April,248155,1966-04-01
1966,May,258677,1966-05-01
1966,June,250391,1966-06-01
1966,July,255121,1966-07-01
1966,August,255812,1966-08-01
1966,September,247632,1966-09-01
1966,October,258008,1966-10-01
1966,November,252825,1966-11-01
1966,December,263843,1966-12-01
1967,January,265577,1967-01-01
1967,February,241366,1967-02-01
1967,March,264854,1967-03-01
1967,April,254252,1967-04-01
1967,May,259923,1967-05-01
1967,June,256174,1967-06-01
1967,July,283776,1967-07-01
1967,August,292495,1967-08-01
1967,September,272845,1967-09-01
1967,October,278997,1967-10-01
1967,November,269348,1967-11-01
1967,December,276135,1967-12-01
1968,January,279868,1968-01-01
1968,February,270425,1968-02-01
1968,March,288882,1968-03-01
1968,April,273690,1968-04-01
1968,May,285355,1968-05-01
1968,June,274320,1968-06-01
1968,July,283836,1968-07-01
1968,August,283154,1968-08-01
1968,September,267960,1968-09-01
1968,October,276396,1968-10-01
1968,November,269070,1968-11-01
1968,December,276086,1968-12-01
1969,January,275528,1969-01-01
1969,February,249984,1969-02-01
1969,March,280705,1969-03-01
1969,April,277140,1969-04-01
1969,May,290036,1969-05-01
1969,June,288935,1969-06-01
1969,July,288145,1969-07-01
1969,August,281077,1969-08-01
1969,September,278850,1969-09-01
1969,October,285603,1969-10-01
1969,November,280380,1969-11-01
1969,December,295368,1969-12-01
1970,January,293818,1970-01-01
1970,February,267960,1970-02-01
1970,March,294748,1970-03-01
1970,April,287730,1970-04-01
1970,May,295213,1970-05-01
1970,June,280770,1970-06-01
1970,July,285274,1970-07-01
1970,August,296360,1970-08-01
1970,September,295590,1970-09-01
1970,October,310403,1970-10-01
1970,November,301320,1970-11-01
1970,December,308264,1970-12-01
1971,January,299305,1971-01-01
1971,February,272412,1971-02-01
1971,March,302808,1971-03-01
1971,April,293070,1971-04-01
1971,May,298995,1971-05-01
1971,June,288120,1971-06-01
1971,July,293121,1971-07-01
1971,August,291741,1971-08-01
1971,September,274050,1971-09-01
1971,October,284022,1971-10-01
1971,November,274170,1971-11-01
1971,December,282100,1971-12-01
1972,January,282534,1972-01-01
1972,February,270744,1972-02-01
1972,March,293322,1972-03-01
1972,April,285390,1972-04-01
1972,May,298034,1972-05-01
1972,June,285660,1972-06-01
1972,July,294376,1972-07-01
1972,August,293973,1972-08-01
1972,September,285240,1972-09-01
1972,October,293930,1972-10-01
1972,November,282780,1972-11-01
1972,December,289385,1972-12-01
1973,January,284454,1973-01-01
1973,February,263066,1973-02-01
1973,March,287430,1973-03-01
1973,April,278757,1973-04-01
1973,May,287134,1973-05-01
1973,June,276418,1973-06-01
1973,July,285731,1973-07-01
1973,August,284225,1973-08-01
1973,September,271959,1973-09-01
1973,October,285940,1973-10-01
1973,November,274829,1973-11-01
1973,December,280960,1973-12-01
1974,January,276950,1974-01-01
1974,February,255982,1974-02-01
1974,March,277927,1974-03-01
1974,April,268619,1974-04-01
1974,May,276228,1974-05-01
1974,June,263407,1974-06-01
1974,July,272184,1974-07-01
1974,August,269665,1974-08-01
1974,September,253288,1974-09-01
1974,October,266949,1974-10-01
1974,November,257064,1974-11-01
1974,December,264322,1974-12-01
1975,January,262104,1975-01-01
1975,February,240552,1975-02-01
1975,March,263297,1975-03-01
1975,April,253698,1975-04-01
1975,May,259742,1975-05-01
1975,June,252624,1975-06-01
1975,July,258408,1975-07-01
1975,August,255712,1975-08-01
1975,September,248389,1975-09-01
1975,October,258057,1975-10-01
1975,November,248336,1975-11-01
1975,December,255860,1975-12-01
1976,January,255185,1976-01-01
1976,February,238705,1976-02-01
1976,March,255198,1976-03-01
1976,April,242310,1976-04-01
1976,May,251860,1976-05-01
1976,June,242833,1976-06-01
1976,July,251942,1976-07-01
1976,August,251429,1976-08-01
1976,September,244489,1976-09-01
1976,October,249962,1976-10-01
1976,November,242388,1976-11-01
1976,December,249879,1976-12-01
1977,January,243478,1977-01-01
1977,February,227890,1977-02-01
1977,March,250778,1977-03-01
1977,April,244347,1977-04-01
1977,May,250317,1977-05-01
1977,June,243058,1977-06-01
1977,July,251244,1977-07-01
1977,August,257510,1977-08-01
1977,September,254392,1977-09-01
1977,October,265776,1977-10-01
1977,November,257378,1977-11-01
1977,December,263097,1977-12-01
1978,January,259150,1978-01-01
1978,February,234544,1978-02-01
1978,March,270324,1978-03-01
1978,April,264526,1978-04-01
1978,May,273583,1978-05-01
1978,June,264974,1978-06-01
1978,July,271442,1978-07-01
1978,August,271502,1978-08-01
1978,September,264010,1978-09-01
1978,October,273420,1978-10-01
1978,November,262233,1978-11-01
1978,December,268508,1978-12-01
1979,January,262716,1979-01-01
1979,February,238710,1979-02-01
1979,March,266635,1979-03-01
1979,April,256593,1979-04-01
1979,May,266631,1979-05-01
1979,June,252949,1979-06-01
1979,July,259278,1979-07-01
1979,August,264981,1979-08-01
1979,September,255693,1979-09-01
1979,October,267256,1979-10-01
1979,November,262818,1979-11-01
1979,December,267050,1979-12-01
1980,January,268940,1980-01-01
1980,February,252431,1980-02-01
1980,March,269650,1980-03-01
1980,April,260541,1980-04-01
1980,May,267684,1980-05-01
1980,June,256619,1980-06-01
1980,July,264964,1980-07-01
1980,August,260841,1980-08-01
1980,September,258577,1980-09-01
1980,October,264489,1980-10-01
1980,November,254852,1980-11-01
1980,December,266777,1980-12-01
1981,January,264736,1981-01-01
1981,February,240914,1981-02-01
1981,March,267003,1981-03-01
1981,April,256708,1981-04-01
1981,May,263541,1981-05-01
1981,June,258859,1981-06-01
1981,July,263498,1981-07-01
1981,August,266069,1981-08-01
1981,September,258120,1981-09-01
1981,October,265450,1981-10-01
1981,November,257579,1981-11-01
1981,December,266147,1981-12-01
1982,January,263793,1982-01-01
1982,February,243661,1982-02-01
1982,March,268687,1982-03-01
1982,April,257738,1982-04-01
1982,May,269186,1982-05-01
1982,June,259383,1982-06-01
1982,July,268398,1982-07-01
1982,August,267643,1982-08-01
1982,September,261028,1982-09-01
1982,October,269745,1982-10-01
1982,November,260918,1982-11-01
1982,December,266535,1982-12-01
1983,January,269604,1983-01-01
1983,February,245237,1983-02-01
1983,March,269706,1983-03-01
1983,April,263269,1983-04-01
1983,May,267575,1983-05-01
1983,June,260014,1983-06-01
1983,July,267717,1983-07-01
1983,August,269053,1983-08-01
1983,September,263530,1983-09-01
1983,October,271890,1983-10-01
1983,November,263111,1983-11-01
1983,December,260293,1983-12-01
1984,January,274902,1984-01-01
1984,February,257357,1984-02-01
1984,March,268829,1984-03-01
1984,April,265872,1984-04-01
1984,May,277616,1984-05-01
1984,June,265570,1984-06-01
1984,July,275432,1984-07-01
1984,August,273091,1984-08-01
1984,September,269798,1984-09-01
1984,October,276075,1984-10-01
1984,November,269357,1984-11-01
1984,December,275797,1984-12-01
1985,January,270926,1985-01-01
1985,February,252695,1985-02-01
1985,March,281943,1985-03-01
1985,April,271299,1985-04-01
1985,May,283093,1985-05-01
1985,June,270653,1985-06-01
1985,July,277410,1985-07-01
1985,August,272881,1985-08-01
1985,September,268610,1985-09-01
1985,October,278068,1985-10-01
1985,November,267059,1985-11-01
1985,December,279916,1985-12-01
1986,January,283248,1986-01-01
1986,February,256855,1986-02-01
1986,March,279413,1986-03-01
1986,April,265917,1986-04-01
1986,May,273964,1986-05-01
1986,June,258700,1986-06-01
1986,July,268448,1986-07-01
1986,August,259580,1986-08-01
1986,September,249843,1986-09-01
1986,October,260984,1986-10-01
1986,November,252374,1986-11-01
1986,December,258926,1986-12-01
1987,January,262888,1987-01-01
1987,February,234880,1987-02-01
1987,March,262398,1987-03-01
1987,April,254945,1987-04-01
1987,May,258426,1987-05-01
1987,June,248356,1987-06-01
1987,July,255782,1987-07-01
1987,August,254508,1987-08-01
1987,September,246163,1987-09-01
1987,October,259272,1987-10-01
1987,November,251915,1987-11-01
1987,December,257844,1987-12-01
1988,January,255743,1988-01-01
1988,February,242848,1988-02-01
1988,March,259587,1988-03-01
1988,April,248629,1988-04-01
1988,May,255089,1988-05-01
1988,June,245102,1988-06-01
1988,July,249229,1988-07-01
1988,August,250459,1988-08-01
1988,September,236847,1988-09-01
1988,October,248704,1988-10-01
1988,November,240700,1988-11-01
1988,December,246189,1988-12-01
1989,January,246056,1989-01-01
1989,February,218076,1989-02-01
1989,March,234822,1989-03-01
1989,April,233147,1989-04-01
1989,May,242303,1989-05-01
1989,June,228731,1989-06-01
1989,July,230766,1989-07-01
1989,August,233878,1989-08-01
1989,September,226436,1989-09-01
1989,October,231036,1989-10-01
1989,November,226082,1989-11-01
1989,December,227439,1989-12-01
1990,January,233931,1990-01-01
1990,February,209923,1990-02-01
1990,March,230434,1990-03-01
1990,April,222215,1990-04-01
1990,May,227179,1990-05-01
1990,June,213175,1990-06-01
1990,July,222371,1990-07-01
1990,August,225886,1990-08-01
1990,September,216715,1990-09-01
1990,October,233799,1990-10-01
1990,November,221598,1990-11-01
1990,December,227463,1990-12-01
1991,January,232498,1991-01-01
1991,February,213836,1991-02-01
1991,March,233926,1991-03-01
1991,April,225256,1991-04-01
1991,May,229670,1991-05-01
1991,June,219610,1991-06-01
1991,July,227756,1991-07-01
1991,August,226801,1991-08-01
1991,September,221029,1991-09-01
1991,October,230557,1991-10-01
1991,November,219833,1991-11-01
1991,December,226267,1991-12-01
1992,January,228178,1992-01-01
1992,February,214269,1992-02-01
1992,March,227798,1992-03-01
1992,April,218775,1992-04-01
1992,May,222227,1992-05-01
1992,June,215019,1992-06-01
1992,July,221064,1992-07-01
1992,August,214575,1992-08-01
1992,September,210904,1992-09-01
1992,October,220898,1992-10-01
1992,November,210724,1992-11-01
1992,December,220200,1992-12-01
1993,January,215791,1993-01-01
1993,February,194393,1993-02-01
1993,March,216198,1993-03-01
1993,April,206439,1993-04-01
1993,May,212255,1993-05-01
1993,June,203842,1993-06-01
1993,July,207339,1993-07-01
1993,August,209492,1993-08-01
1993,September,201347,1993-09-01
1993,October,212003,1993-10-01
1993,November,207349,1993-11-01
1993,December,212585,1993-12-01
1994,January,211320,1994-01-01
1994,February,189569,1994-02-01
1994,March,209114,1994-03-01
1994,April,198363,1994-04-01
1994,May,207334,1994-05-01
1994,June,198318,1994-06-01
1994,July,201527,1994-07-01
1994,August,202869,1994-08-01
1994,September,198264,1994-09-01
1994,October,206398,1994-10-01
1994,November,198850,1994-11-01
1994,December,209550,1994-12-01
1995,January,207148,1995-01-01
1995,February,190245,1995-02-01
1995,March,204613,1995-03-01
1995,April,198111,1995-04-01
1995,May,205509,1995-05-01
1995,June,197359,1995-06-01
1995,July,199912,1995-07-01
1995,August,199846,1995-08-01
1995,September,192484,1995-09-01
1995,October,199055,1995-10-01
1995,November,197559,1995-11-01
1995,December,202428,1995-12-01
1996,January,201354,1996-01-01
1996,February,190727,1996-02-01
1996,March,203715,1996-03-01
1996,April,193317,1996-04-01
1996,May,198208,1996-05-01
1996,June,193746,1996-06-01
1996,July,196471,1996-07-01
1996,August,197162,1996-08-01
1996,September,194456,1996-09-01
1996,October,200907,1996-10-01
1996,November,194268,1996-11-01
1996,December,201685,1996-12-01
1997,January,198466,1997-01-01
1997,February,182400,1997-02-01
1997,March,200013,1997-03-01
1997,April,193239,1997-04-01
1997,May,200702,1997-05-01
1997,June,193252,1997-06-01
1997,July,198691,1997-07-01
1997,August,196769,1997-08-01
1997,September,194575,1997-09-01
1997,October,200482,1997-10-01
1997,November,193778,1997-11-01
1997,December,202464,1997-12-01
1998,January,202756,1998-01-01
1998,February,181321,1998-02-01
1998,March,198639,1998-03-01
1998,April,194483,1998-04-01
1998,May,196754,1998-05-01
1998,June,188018,1998-06-01
1998,July,192026,1998-07-01
1998,August,192282,1998-08-01
1998,September,173676,1998-09-01
1998,October,190420,1998-10-01
1998,November,184198,1998-11-01
1998,December,187347,1998-12-01
1999,January,184864,1999-01-01
1999,February,167034,1999-02-01
1999,March,182362,1999-03-01
1999,April,176616,1999-04-01
1999,May,182122,1999-05-01
1999,June,172808,1999-06-01
1999,July,179738,1999-07-01
1999,August,179187,1999-08-01
1999,September,174113,1999-09-01
1999,October,184361,1999-10-01
1999,November,178811,1999-11-01
1999,December,184716,1999-12-01
2000,January,179316,2000-01-01
2000,February,169703,2000-02-01
2000,March,183464,2000-03-01
2000,April,175625,2000-04-01
2000,May,181242,2000-05-01
2000,June,174686,2000-06-01
2000,July,177920,2000-07-01
2000,August,179451,2000-08-01
2000,September,172731,2000-09-01
2000,October,180080,2000-10-01
2000,November,174980,2000-11-01
2000,December,181508,2000-12-01
2001,January,179767,2001-01-01
2001,February,161843,2001-02-01
2001,March,182290,2001-03-01
2001,April,175879,2001-04-01
2001,May,180712,2001-05-01
2001,June,172974,2001-06-01
2001,July,178208,2001-07-01
2001,August,177488,2001-08-01
2001,September,171270,2001-09-01
2001,October,178129,2001-10-01
2001,November,176441,2001-11-01
2001,December,182511,2001-12-01
2002,January,182076,2002-01-01
2002,February,164666,2002-02-01
2002,March,182460,2002-03-01
2002,April,175333,2002-04-01
2002,May,183057,2002-05-01
2002,June,176532,2002-06-01
2002,July,178275,2002-07-01
2002,August,179670,2002-08-01
2002,September,162336,2002-09-01
2002,October,166105,2002-10-01
2002,November,168706,2002-11-01
2002,December,177372,2002-12-01
2003,January,178412,2003-01-01
2003,February,161920,2003-02-01
2003,March,179907,2003-03-01
2003,April,171774,2003-04-01
2003,May,175568,2003-05-01
2003,June,169772,2003-06-01
2003,July,170452,2003-07-01
2003,August,172787,2003-08-01
2003,September,168270,2003-09-01
2003,October,174020,2003-10-01
2003,November,166397,2003-11-01
2003,December,172715,2003-12-01
2004,January,173132,2004-01-01
2004,February,161583,2004-02-01
2004,March,174115,2004-03-01
2004,April,166810,2004-04-01
2004,May,172235,2004-05-01
2004,June,162208,2004-06-01
2004,July,170011,2004-07-01
2004,August,165072,2004-08-01
2004,September,152444,2004-09-01
2004,October,160270,2004-10-01
2004,November,162699,2004-11-01
2004,December,170815,2004-12-01
2005,January,168831,2005-01-01
2005,February,154038,2005-02-01
2005,March,173626,2005-03-01
2005,April,166885,2005-04-01
2005,May,173491,2005-05-01
2005,June,163263,2005-06-01
2005,July,162854,2005-07-01
2005,August,161153,2005-08-01
2005,September,126417,2005-09-01
2005,October,141200,2005-10-01
2005,November,145708,2005-11-01
2005,December,154630,2005-12-01
2006,January,156480,2006-01-01
2006,February,140894,2006-02-01
2006,March,155842,2006-03-01
2006,April,152450,2006-04-01
2006,May,159667,2006-05-01
2006,June,154884,2006-06-01
2006,July,157919,2006-07-01
2006,August,156232,2006-08-01
2006,September,150926,2006-09-01
2006,October,158353,2006-10-01
2006,November,151926,2006-11-01
2006,December,160768,2006-12-01
2007,January,158342,2007-01-01
2007,February,143301,2007-02-01
2007,March,158697,2007-03-01
2007,April,155407,2007-04-01
2007,May,161548,2007-05-01
2007,June,152254,2007-06-01
2007,July,156175,2007-07-01
2007,August,154060,2007-08-01
2007,September,147061,2007-09-01
2007,October,155680,2007-10-01
2007,November,151021,2007-11-01
2007,December,158427,2007-12-01
2008,January,158566,2008-01-01
2008,February,149297,2008-02-01
2008,March,160868,2008-03-01
2008,April,155403,2008-04-01
2008,May,159437,2008-05-01
2008,June,154133,2008-06-01
2008,July,160481,2008-07-01
2008,August,155092,2008-08-01
2008,September,119208,2008-09-01
2008,October,146868,2008-10-01
2008,November,152343,2008-11-01
2008,December,158183,2008-12-01
2009,January,159467,2009-01-01
2009,February,146698,2009-02-01
2009,March,161776,2009-03-01
2009,April,158344,2009-04-01
2009,May,166684,2009-05-01
2009,June,158079,2009-06-01
2009,July,167336,2009-07-01
2009,August,167945,2009-08-01
2009,September,166765,2009-09-01
2009,October,171258,2009-10-01
2009,November,161838,2009-11-01
2009,December,169004,2009-12-01
2010,January,167529,2010-01-01
2010,February,155496,2010-02-01
2010,March,170976,2010-03-01
2010,April,161769,2010-04-01
2010,May,167427,2010-05-01
2010,June,161385,2010-06-01
2010,July,164234,2010-07-01
2010,August,168867,2010-08-01
2010,September,168473,2010-09-01
2010,October,174547,2010-10-01
2010,November,167272,2010-11-01
2010,December,173831,2010-12-01
2011,January,170393,2011-01-01
2011,February,151354,2011-02-01
2011,March,174158,2011-03-01
2011,April,166858,2011-04-01
2011,May,174363,2011-05-01
2011,June,167673,2011-06-01
2011,July,168635,2011-07-01
2011,August,175618,2011-08-01
2011,September,168411,2011-09-01
2011,October,182977,2011-10-01
2011,November,181157,2011-11-01
2011,December,189487,2011-12-01
2012,January,191472,2012-01-01
2012,February,181783,2012-02-01
2012,March,196138,2012-03-01
2012,April,189601,2012-04-01
2012,May,197456,2012-05-01
2012,June,188262,2012-06-01
2012,July,199368,2012-07-01
2012,August,196867,2012-08-01
2012,September,197942,2012-09-01
2012,October,216057,2012-10-01
2012,November,212472,2012-11-01
2012,December,220282,2012-12-01
2013,January,219570,2013-01-01
2013,February,200071,2013-02-01
2013,March,223644,2013-03-01
2013,April,221205,2013-04-01
2013,May,227101,2013-05-01
2013,June,218314,2013-06-01
2013,July,233174,2013-07-01
2013,August,233562,2013-08-01
2013,September,235142,2013-09-01
2013,October,240567,2013-10-01
2013,November,237565,2013-11-01
2013,December,245904,2013-12-01
2014,January,250240,2014-01-01
2014,February,228166,2014-02-01
2014,March,257019,2014-03-01
2014,April,255597,2014-04-01
2014,May,267731,2014-05-01
2014,June,262026,2014-06-01
2014,July,273952,2014-07-01
2014,August,276513,2014-08-01
2014,September,272111,2014-09-01
2014,October,286760,2014-10-01
2014,November,279200,2014-11-01
2014,December,295914,2014-12-01
2015,January,290631,2015-01-01
2015,February,265886,2015-02-01
2015,March,296825,2015-03-01
2015,April,289449,2015-04-01
2015,May,293362,2015-05-01
2015,June,280425,2015-06-01
2015,July,292432,2015-07-01
2015,August,291333,2015-08-01
2015,September,284079,2015-09-01
2015,October,291157,2015-10-01
2015,November,279779,2015-11-01
2015,December,287309,2015-12-01
2016,January,285322,2016-01-01
2016,February,262843,2016-02-01
2016,March,282290,2016-03-01
2016,April,266327,2016-04-01
2016,May,273959,2016-05-01
2016,June,260338,2016-06-01
2016,July,268667,2016-07-01
2016,August,269463,2016-08-01
2016,September,256351,2016-09-01
2016,October,273009,2016-10-01
2016,November,267184,2016-11-01
2016,December,273366,2016-12-01
2017,January,275075,2017-01-01
2017,February,255099,2017-02-01
2017,March,284185,2017-03-01
2017,April,273051,2017-04-01
2017,May,284812,2017-05-01
2017,June,273338,2017-06-01
2017,July,286663,2017-07-01
2017,August,286690,2017-08-01
2017,September,285423,2017-09-01
2017,October,299707,2017-10-01
2017,November,302592,2017-11-01
2017,December,309612,2017-12-01
2018,January,310059,2018-01-01
2018,February,287865,2018-02-01
2018,March,324478,2018-03-01
2018,April,314838,2018-04-01
2018,May,323388,2018-05-01
2018,June,319207,2018-06-01
2018,July,337928,2018-07-01
2018,August,353226,2018-08-01
2018,September,343383,2018-09-01
2018,October,356986,2018-10-01
2018,November,357328,2018-11-01
2018,December,371522,2018-12-01
2019,January,368054,2019-01-01
2019,February,326819,2019-02-01
2019,March,369203,2019-03-01
2019,April,364293,2019-04-01
2019,May,376738,2019-05-01
2019,June,366642,2019-06-01
2019,July,368952,2019-07-01
2019,August,387024,2019-08-01
2019,September,377681,2019-09-01
2019,October,396984,2019-10-01
2019,November,389809,2019-11-01
2019,December,402393,2019-12-01
2020,January,398392,2020-01-01
2020,February,372480,2020-02-01
2020,March,396682,2020-03-01
2020,April,357336,2020-04-01
2020,May,301133,2020-05-01
2020,June,313381,2020-06-01
2020,July,341244,2020-07-01
2020,August,328128,2020-08-01
2020,September,328025,2020-09-01
2020,October,324544,2020-10-01
2020,November,336286,2020-11-01
2020,December,346553,2020-12-01
2021,January,345713,2021-01-01
2021,February,278271,2021-02-01
2021,March,352545,2021-03-01
2021,April,340585,2021-04-01
2021,May,354103,2021-05-01
2021,June,341813,2021-06-01
2021,July,353905,2021-07-01
2021,August,350736,2021-08-01
2021,September,328715,2021-09-01
2021,October,360746,2021-10-01
2021,November,356024,2021-11-01
2021,December,364322,2021-12-01
2022,January,354716,2022-01-01
2022,February,321080,2022-02-01
2022,March,368134,2022-03-01
2022,April,354365,2022-04-01
2022,May,363992,2022-05-01
2022,June,357385,2022-06-01
2022,July,371739,2022-07-01
2022,August,375798,2022-08-01
2022,September,373159,2022-09-01
2022,October,385369,2022-10-01
2022,November,374003,2022-11-01
2022,December,377429,2022-12-01
2023,January,390928,2023-01-01
2023,February,352534,2023-02-01
2023,March,397280,2023-03-01
2023,April,380410,2023-04-01
2023,May,394619,2023-05-01
2023,June,385967,2023-06-01
2023,July,400994,2023-07-01
2023,August,404469,2023-08-01
2023,September,395300,2023-09-01
2023,October,407615,2023-10-01
2023,November,398433,2023-11-01
2023,December,412547,2023-12-01
2024,January,389161,2024-01-01
2024,February,379960,2024-02-01
2024,March,408294,2024-03-01
2024,April,397459,2024-04-01
2024,May,409235,2024-05-01
2024,June,397196,2024-06-01
2024,July,408950,2024-07-01
2024,August,414270,2024-08-01
2024,September,395541,2024-09-01
2024,October,416953,2024-10-01
2024,November,400561,2024-11-01
2024,December,416988,2024-12-01
2025,January,407537,2025-01-01
2025,February,0,2025-02-01
2025,March,0,2025-03-01
2025,April,0,2025-04-01
2025,May,0,2025-05-01
2025,June,0,2025-06-01
2025,July,0,2025-07-01
2025,August,0,2025-08-01
2025,September,0,2025-09-01
2025,October,0,2025-10-01
2025,November,0,2025-11-01
2025,December,0,2025-12-01
